{
    "images":[],
    "geometries":[{
        "name":"mesh1926919455Geometry",
        "data":{
            "groups":[{
                "count":90,
                "start":0,
                "materialIndex":0
            },{
                "count":30,
                "start":90,
                "materialIndex":1
            }],
            "attributes":{
                "uv":{
                    "array":[-0.0579102,0.198597,-0.0927259,0.173004,-0.0476809,0.247435,0.0752649,0.173199,0.023591,0.165276,0.0690385,0.191242,0.118899,0.149805,0.105297,0.236383,0.186325,0.204706,-0.137186,0.0786242,-0.195427,0.056814,-0.133569,0.117991,0.157757,0.224025,0.139012,0.18388,0.104655,0.155174,0.114139,0.138688,0.116997,0.101661,0.0758835,0.0692672,-0.132068,0.0835337,-0.117067,0.0371708,-0.115425,-0.0016686,0.0768158,0.219774,0.0662583,0.23597,0.0940182,0.270501,0.0339752,0.14923,-0.0404708,0.173738,-0.03222,0.190949,0.130194,0.192994,0.16001,0.237493,0.182911,0.153561,-0.0140259,0.222823,-0.0129484,0.178236,-0.0768128,0.132802,-0.0266873,0.164558,0.0549296,0.238652,0.066233,0.222968,0.11146,0.197493,0.107802,0.0873211,0.0842516,0.161938,0.10478,0.150762,0.189867,0.135682,0.150976,0.132024,-0.137333,0.0762021,-0.156908,0.0472202,-0.195392,0.0539133,-0.0100553,0.121827,-0.0739235,0.152966,-0.0209457,0.155213,-0.112154,0.0287977,-0.157034,0.0696487,-0.134375,0.0962883,0.0740802,0.102086,0.0840678,0.135753,0.131716,0.121092,0.0110071,0.160269,-0.0693917,0.174764,-0.0460716,0.183293,-0.058422,0.195947,-0.0451731,0.162265,-0.0932307,0.17033,0.0252612,0.170209,0.057571,0.187212,0.0804511,0.177565,0.0034352,0.172177,-0.0606224,0.21866,-0.0249009,0.222676,-0.0318546,0.139745,-0.0871719,0.146072,-0.100061,0.179893,0.0397794,0.161013,0.0772653,0.205147,0.0731572,0.17581,-0.0499378,0.210571,0.00958526,0.158228,-0.047578,0.181041,0.0765835,0.210265,0.0646045,0.260864,0.0976879,0.179708,-0.10896,0.071188,-0.0856666,-0.00711598,-0.118559,0.0335176,-0.068616,0.0186553,-0.099933,0.0427811,-0.0156859,0.0218328,0.188987,0.141486,0.10374,0.155632,0.138434,0.183658,-0.0221488,0.202138,-0.0487792,0.186517,-0.00717514,0.11219,-0.0517824,0.186884,-0.164607,0.172121,-0.083303,0.197821,-0.165246,0.168592,-0.145935,0.139893,-0.122351,0.222177,-0.142896,0.137638,-0.0858311,-0.0484025,-0.0887616,-0.0476495,-0.021055,0.00698409,-0.0456951,0.089066,-0.124257,0.0610402,-0.152598,0.139347,-0.14425,0.131195,-0.128015,0.212576,-0.12445,0.214471,-0.00466163,-0.0113044,-0.0033757,-0.0151313,-0.0625349,-0.0738688,-0.152148,0.140547,-0.0735756,0.168411,-0.0451619,0.0904424,-0.171633,0.168997,-0.0941969,0.2,-0.0912936,0.197572,-0.00943764,0.210008,0.0347865,0.139443,0.0331601,0.136247],
                    "itemSize":2,
                    "type":"Float32Array"
                },
                "normal":{
                    "array":[-0.00784326,0.404706,-0.914396,-0,0.384136,-0.923246,-0.0155339,0.424543,-0.90524,0.00338755,0.229225,0.973357,0.00338755,0.229225,0.973357,0.00338755,0.229225,0.973357,-0.881039,0.473006,0,-0.881039,0.473006,0,-0.881039,0.473006,0,0.9906,0.136631,0.00103763,0.990143,0.139897,0.00250252,0.990905,0.134342,0,-0.90582,0.285195,-0.313242,-0.90582,0.285195,-0.313242,-0.90582,0.285195,-0.313242,-0.960723,0.182318,0.209174,-0.960723,0.182318,0.209174,-0.960723,0.182318,0.209174,0.928861,0.316019,0.19306,0.928861,0.316019,0.19306,0.928861,0.316019,0.19306,0.317728,0.184423,0.930052,0.317728,0.184423,0.930052,0.317728,0.184423,0.930052,-0.0210578,0.112949,-0.993347,-0.0210578,0.112949,-0.993347,-0.0210578,0.112949,-0.993347,-0,0.470992,0.882107,-0,0.470992,0.882107,-0,0.470992,0.882107,0.735099,0.0533769,0.675802,0.735099,0.0533769,0.675802,0.735099,0.0533769,0.675802,0.310282,0.113681,0.943785,0.310282,0.113681,0.943785,0.310282,0.113681,0.943785,-0.879757,0.111026,-0.462203,-0.879757,0.111026,-0.462203,-0.879757,0.111026,-0.462203,0.166234,0.584826,0.793908,0.166234,0.584826,0.793908,0.166234,0.584826,0.793908,0.9906,0.136631,0.00103763,0.989502,0.144261,0.00448622,0.990143,0.139897,0.00250252,0.0878628,0.358318,-0.929441,0.0878628,0.358318,-0.929441,0.0878628,0.358318,-0.929441,0.996826,0.0773644,0.017304,0.996826,0.0773644,0.017304,0.996826,0.0773644,0.017304,-0.515702,0.0942106,0.851558,-0.515702,0.0942106,0.851558,-0.515702,0.0942106,0.851558,-0.0248115,0.156041,-0.987426,-0.0248115,0.156041,-0.987426,-0.0248115,0.156041,-0.987426,0.0258492,0.440809,-0.897214,0.0258492,0.440809,-0.897214,0.0258492,0.440809,-0.897214,0.222663,0.0787378,0.971679,0.222663,0.0787378,0.971679,0.222663,0.0787378,0.971679,-0.359569,0.170476,-0.917386,-0.359569,0.170476,-0.917386,-0.359569,0.170476,-0.917386,0.385357,0.139805,-0.912107,0.385357,0.139805,-0.912107,0.385357,0.139805,-0.912107,-0.169897,0.0786157,0.982299,-0.169897,0.0786157,0.982299,-0.169897,0.0786157,0.982299,0.0155339,0.160955,-0.986816,0.0155339,0.160955,-0.986816,0.0155339,0.160955,-0.986816,-0.714591,0.610248,-0.341929,-0.714591,0.610248,-0.341929,-0.714591,0.610248,-0.341929,0.930998,0.281503,0.232307,0.930998,0.281503,0.232307,0.930998,0.281503,0.232307,0.682669,0.5974,-0.420759,0.682669,0.5974,-0.420759,0.682669,0.5974,-0.420759,0.08652,0.564226,0.821039,0.08652,0.564226,0.821039,0.08652,0.564226,0.821039,-0.0228278,0.44319,-0.896115,-0,-0.756371,0.654103,-0,-0.756371,0.654103,-0,-0.756371,0.654103,0.798486,-0.601978,0,0.798486,-0.601978,0,0.798486,-0.601978,0,-0,-0.517472,-0.855678,-0,-0.517472,-0.855678,-0,-0.517472,-0.855678,-0.644307,-0.764733,0,-0.644307,-0.764733,0,-0.644307,-0.764733,0,-0.00814844,-0.999908,0.00881985,-0.0110172,-0.999908,0.00592059,-0.00814844,-0.999908,0.00878933,-0.00338755,-0.587359,-0.80929,-0.00338755,-0.587359,-0.80929,-0.00338755,-0.587359,-0.80929,-0.707968,-0.706198,0.00244148,-0.707968,-0.706198,0.00244148,-0.707968,-0.706198,0.00244148,-0.00814844,-0.999908,0.00878933,-0.0052797,-0.999908,0.0116886,-0.00814844,-0.999908,0.00881985,0.898129,-0.43965,0.00689718,0.898129,-0.43965,0.00689718,0.898129,-0.43965,0.00689718,-0.006592,-0.580889,0.813929,-0.006592,-0.580889,0.813929,-0.006592,-0.580889,0.813929],
                    "itemSize":3,
                    "type":"Float32Array"
                },